email,name,password,dt_add,city
kbuttress0@1und1.de,Karrie Buttress,JcfoKBYAB4k,2019-08-10,0
baymer1@hp.com,Bob Aymer,ZEE54kg,2018-12-21,1
zboulding2@macromedia.com,Zilvia Boulding,VJyMV1Zat,2019-07-25,0
emollon3@bloglovin.com,Emalee Mollon,XUIeJ693h,2018-11-13,1
mmulberry4@cmu.edu,Maria Mulberry,oWspnl,2019-07-20,2
lby5@mozilla.com,Levey By,GdtcUU,2019-02-12,1
beates6@last.fm,Baron Eates,UQw6VeA,2019-05-03,2
tvink7@fotki.com,Trip Vink,49znXd7haFGz,2019-01-13,2
bterbeck8@about.me,Boonie Terbeck,unCjJTF7sjs,2019-09-15,2
atraviss9@auda.org.au,Alonzo Traviss,dLuVMAg,2018-12-19,1
nwitteringa@google.com.br,Natassia Wittering,tQlUG4n,2019-03-24,1
fbrookeb@nba.com,Felice Brooke,s9y9Mcfgy1g,2019-09-27,1
cviccaryc@amazon.co.uk,Carlen Viccary,9qd747vh,2018-12-06,1
hgethingsd@sogou.com,Hendrik Gethings,zzN5c4,2018-11-18,1
dgirodiase@stanford.edu,Dunc Girodias,j9QW6GQI,2018-10-14,1
btanmanf@smh.com.au,Bibbie Tanman,1aukKNEIneq,2019-05-03,1
bbartolettig@simplemachines.org,Barnabas Bartoletti,3chTNtqhoo,2018-12-25,1
nculliph@fc2.com,Nixie Cullip,2UdKIR2f,2019-04-07,1
mpimblotti@xing.com,Matilde Pimblott,nGZ8disdg,2019-07-18,1
askurrayj@un.org,Al Skurray,bL9tAf,2018-11-25,1
